{
  "avgPaired": 0.6563247936964035,
  "avgUnpaired": 1.107276845741272,
  "pairedDistances": [
    0.7792429327964783,
    1.3222110271453857,
    0.6688718795776367,
    0.6255596876144409,
    0.22626835107803345,
    0.1919492483139038,
    0.5369126796722412,
    0.3867008090019226,
    0.15421244502067566,
    0.26766061782836914,
    0.21752074360847473,
    0.16286960244178772,
    0.4694973826408386,
    0.3739546537399292,
    0.2692342698574066,
    0.3615036606788635,
    0.4191400110721588,
    0.42098158597946167,
    0.5506553649902344,
    1.541053056716919,
    0.8753021359443665,
    0.1728382408618927,
    0.12810678780078888,
    1.0205881595611572,
    0.2747197151184082,
    1.1448767185211182,
    0.5671903491020203,
    1.7087864875793457,
    0.5504499077796936,
    1.1137980222702026,
    0.26518386602401733,
    0.4261796176433563,
    0.32465898990631104,
    1.6604197025299072,
    0.27585387229919434,
    0.26513105630874634,
    0.6195325255393982,
    0.507698118686676,
    0.1592978537082672,
    0.18627691268920898,
    0.5208557844161987,
    0.4385966658592224,
    0.629163384437561,
    0.6960816383361816,
    0.6543178558349609,
    0.09984647482633591,
    1.0033552646636963,
    0.16747379302978516,
    0.20190955698490143,
    0.6924837827682495,
    0.2939929962158203,
    0.5139846801757812,
    0.09252148866653442,
    0.9021432399749756,
    0.4494817852973938,
    0.19450023770332336,
    0.4358205199241638,
    1.0701937675476074,
    0.9443923234939575,
    1.5649302005767822,
    2.555820941925049,
    0.3652624487876892,
    0.45103520154953003,
    0.7111844420433044,
    0.41002994775772095,
    0.6062700748443604,
    1.7196563482284546,
    0.14751791954040527,
    1.7561683654785156,
    1.4497034549713135,
    1.2207978963851929,
    0.3457585573196411,
    0.2697780132293701,
    0.1917586773633957,
    0.3861420154571533,
    0.7095160484313965,
    0.3926733136177063,
    0.5068894624710083,
    0.7528027892112732,
    0.30427855253219604,
    0.7279329299926758,
    0.2929702401161194,
    1.7691469192504883,
    0.2911686897277832,
    0.8676441311836243,
    0.7885860204696655,
    0.13828814029693604,
    0.9387534856796265,
    2.8063435554504395,
    0.15483662486076355,
    0.10729076713323593,
    0.7157527208328247,
    0.4337102770805359,
    0.198894202709198,
    0.4895552396774292,
    0.2242598831653595,
    0.3300706744194031,
    0.3646242022514343,
    0.8712036609649658,
    0.3777216970920563,
    0.6050723195075989,
    0.4436613917350769,
    0.240982323884964,
    0.5281478762626648,
    1.0857312679290771,
    1.9670342206954956,
    0.9153357744216919,
    0.5983982086181641,
    0.8422576189041138,
    1.0249009132385254,
    0.6929296255111694,
    0.6636958718299866,
    0.4173929691314697,
    1.2187598943710327,
    0.4410865008831024,
    1.261488676071167,
    3.0015790462493896,
    0.7612993717193604,
    0.34402990341186523,
    0.32191306352615356,
    0.6203747987747192,
    1.4204297065734863,
    0.19288469851016998,
    0.3103505074977875,
    0.22012963891029358
  ],
  "unpairedDistances": [
    0.34078076481819153,
    0.7166885137557983,
    0.42232584953308105,
    0.5115222930908203,
    0.6614757180213928,
    0.332419753074646,
    0.7277419567108154,
    1.5408276319503784,
    0.7710455656051636,
    0.96046382188797,
    0.6560478210449219,
    1.0115485191345215,
    0.49356281757354736,
    0.8779106140136719,
    0.8115829825401306,
    0.179840087890625,
    0.30032503604888916,
    0.3852061629295349,
    1.1738195419311523,
    0.4578964114189148,
    0.6525227427482605,
    0.7714650630950928,
    0.4725188910961151,
    0.35192254185676575,
    2.0093746185302734,
    0.915349006652832,
    1.2926174402236938,
    0.1602562665939331,
    1.4620864391326904,
    0.40109795331954956,
    1.8522930145263672,
    2.3943819999694824,
    3.6507010459899902,
    1.9763412475585938,
    2.002574920654297,
    1.0673608779907227,
    1.359619140625,
    0.41293764114379883,
    1.2496507167816162,
    0.6724114418029785,
    0.3629005551338196,
    0.6940618753433228,
    1.1985363960266113,
    0.2242899239063263,
    1.3600385189056396,
    0.7542324662208557,
    0.9090251922607422,
    0.8761565089225769,
    0.9441174268722534,
    0.841353178024292,
    0.645932674407959,
    0.991092324256897,
    2.664658546447754,
    0.5944221019744873,
    1.0864192247390747,
    0.8244236707687378,
    0.42023730278015137,
    0.23107746243476868,
    0.3558628261089325,
    0.15193849802017212,
    0.9307190179824829,
    0.5387417674064636,
    0.6878774166107178,
    1.6528997421264648,
    0.961631178855896,
    2.6179614067077637,
    0.2842418849468231,
    1.512304663658142,
    0.6182337403297424,
    0.7859417200088501,
    0.4927055835723877,
    0.6792636513710022,
    0.37819918990135193,
    0.511176586151123,
    0.5753185153007507,
    0.8505732417106628,
    0.9919240474700928,
    0.7283138036727905,
    1.0674055814743042,
    0.8995038866996765,
    1.372504711151123,
    1.3451402187347412,
    3.637803077697754,
    2.986830711364746,
    1.280186414718628,
    0.8220150470733643,
    0.4083546996116638,
    0.981481671333313,
    0.7394086122512817,
    0.3483589291572571,
    0.20019134879112244,
    0.39599600434303284,
    0.3175264596939087,
    0.9089342355728149,
    0.7428023219108582,
    2.3274917602539062,
    3.8754281997680664,
    2.9810686111450195,
    2.4573631286621094,
    3.3412277698516846,
    0.6529555916786194,
    0.6608403921127319,
    2.5931107997894287,
    0.5674949288368225,
    0.8462930917739868,
    0.30012524127960205,
    0.2265481948852539,
    0.37738773226737976,
    0.27686959505081177,
    0.3862006664276123,
    0.5054062008857727,
    0.13997328281402588,
    0.42029646039009094,
    0.7737128734588623,
    0.5730218291282654,
    0.8889619708061218,
    0.6089521050453186,
    1.1259551048278809,
    0.5323168039321899,
    0.9834712743759155,
    0.36621591448783875,
    0.48909497261047363,
    0.9435033202171326,
    2.245699405670166,
    0.32657843828201294,
    0.5082686543464661,
    0.6040062308311462,
    0.4537621736526489,
    0.6526682376861572,
    0.7694326043128967,
    0.30274698138237,
    0.6237357258796692,
    0.8001593351364136,
    4.4991841316223145,
    1.7086825370788574,
    2.9135236740112305,
    0.9814752340316772,
    0.7859867215156555,
    3.3826375007629395,
    1.4113343954086304,
    2.298835277557373,
    0.4411480128765106,
    0.3373904526233673,
    0.5708743333816528,
    0.6706048846244812,
    1.3599457740783691,
    1.941218614578247,
    1.672615885734558,
    1.4890220165252686,
    2.034813404083252,
    0.28456273674964905,
    0.6782622933387756,
    0.2561877965927124,
    0.15790465474128723,
    0.6607384085655212,
    0.5142936706542969,
    0.7537150979042053,
    1.1365575790405273,
    0.6251652240753174,
    0.9302387833595276,
    1.180691123008728,
    1.0435911417007446,
    0.5678467154502869,
    1.1555848121643066,
    0.9527024626731873,
    2.146540403366089,
    2.426647186279297,
    1.28533136844635,
    0.6935582756996155,
    2.426647186279297,
    0.3613123595714569,
    0.509501039981842,
    0.3695836365222931,
    0.8563957214355469,
    0.31717318296432495,
    0.07136350870132446,
    0.8125584125518799,
    1.1988050937652588,
    0.9386848211288452,
    0.7008863687515259,
    0.5435027480125427,
    0.6620607376098633,
    0.24097976088523865,
    1.037261962890625,
    1.1400001049041748,
    0.8678199052810669,
    0.8499057292938232,
    0.965599536895752,
    0.9267255067825317,
    0.7228017449378967,
    1.1487071514129639,
    1.8096089363098145,
    2.673868417739868,
    0.7963261008262634,
    1.0199806690216064,
    0.6632550954818726,
    0.39089101552963257,
    1.8037474155426025,
    0.27393579483032227,
    0.5359770059585571,
    2.0004959106445312,
    2.2398972511291504,
